settlement_batch_id,txn_id,payout_utr,gross_amount_paise,fee_paise,gst_on_fee_paise,tds_paise,refund_paise,chargeback_paise,net_paise,settlement_date
STL00001,TXN000001,UTR82490325186955,179340,3587,646,179,0,0,174928,2026-01-04
STL00001,TXN000002,UTR82490325186955,402912,8058,1450,403,0,0,393001,2026-01-04
STL00001,TXN000003,UTR82490325186955,383850,7677,1382,384,0,0,374407,2026-01-04
STL00002,TXN000004,UTR58225506275618,835194,16704,3007,835,0,0,814648,2026-01-05
STL00003,TXN000005,UTR23000843290354,1904331,38087,6856,1904,0,0,1857484,2026-01-06
STL00004,TXN000006,UTR81144369049708,1912707,38254,6886,1913,0,0,1865654,2026-01-07
STL00004,TXN000007,UTR81144369049708,920834,18417,3315,921,0,0,898181,2026-01-07
STL00004,TXN000008,UTR81144369049708,1191727,23835,4290,1192,0,0,1162410,2026-01-07
STL00005,TXN000009,UTR60632465341913,274550,5491,988,275,0,0,267796,2026-01-08
STL00005,TXN000010,UTR60632465341913,201565,4031,726,202,0,0,196606,2026-01-08
STL00006,TXN000011,UTR60999698761999,1470549,29411,5294,1471,0,0,1434373,2026-01-09
STL00006,TXN000012,UTR60999698761999,974958,19499,3510,975,0,0,950974,2026-01-09
STL00006,TXN000013,UTR60999698761999,601479,12030,2165,601,0,0,586683,2026-01-09
STL00007,TXN000014,UTR44166442730605,1119429,22389,4030,1119,0,0,1091891,2026-01-10
STL00007,TXN000015,UTR44166442730605,835261,16705,3007,835,0,0,814714,2026-01-10
STL00008,TXN000016,UTR90139729617857,434700,8694,1565,435,0,0,424006,2026-01-11
STL00009,TXN000017,UTR50268113609128,1241267,24825,4469,1241,0,0,1210732,2026-01-12
STL00009,TXN000018,UTR50268113609128,1983539,39671,7141,1984,0,0,1934743,2026-01-12
STL00010,TXN000019,UTR88938977199941,362723,7254,1306,363,0,0,353800,2026-01-13
STL00010,TXN000020,UTR88938977199941,1990828,39817,7167,1991,0,0,1941853,2026-01-13
STL00010,TXN000021,UTR88938977199941,475546,9511,1712,476,0,0,463847,2026-01-13
STL00011,TXN000022,UTR43078373608526,1134908,22698,4086,1135,0,0,1106989,2026-01-14
STL00011,TXN000023,UTR43078373608526,881350,17627,3173,881,0,0,859669,2026-01-14
STL00012,TXN000024,UTR48120484370320,564375,11288,2032,564,0,0,550491,2026-01-15
STL00013,TXN000025,UTR64745724639238,1815092,36302,6534,1815,0,0,1770441,2026-01-31
STL00013,TXN000026,UTR64745724639238,466549,9331,1680,467,0,0,455071,2026-01-31
STL00014,TXN000027,UTR85716615834705,1836058,36721,6610,1836,0,0,1790891,2026-02-01
STL00014,TXN000028,UTR85716615834705,89133,1783,321,89,0,0,86940,2026-02-01
STL00014,TXN000029,UTR85716615834705,1956741,39135,7044,1957,0,0,1908605,2026-02-01
STL00015,TXN000030,UTR49352650460396,1040969,20819,3747,1041,0,0,1015362,2026-02-02
STL00015,TXN000031,UTR49352650460396,276836,5537,997,277,0,0,270025,2026-02-02
STL00015,TXN000032,UTR49352650460396,339009,6780,1220,339,0,0,330670,2026-02-02
STL00016,TXN000033,UTR50676202472780,1297969,25959,4673,1298,0,0,1266039,2026-02-03
STL00016,TXN000034,UTR50676202472780,45538,911,164,46,0,0,44417,2026-02-03
STL00016,TXN000035,UTR50676202472780,692262,13845,2492,692,0,0,675233,2026-02-03
STL00017,TXN000036,UTR25418965658737,1322808,26456,4762,1323,0,0,1290267,2026-02-04
STL00017,TXN000037,UTR25418965658737,1283918,25678,4622,1284,0,0,1252334,2026-02-04
STL00017,TXN000038,UTR25418965658737,647618,12952,2331,648,0,0,631687,2026-02-04
STL00018,TXN000039,UTR25388180776845,1187210,23744,4274,1187,0,0,1158005,2026-02-05
STL00018,TXN000040,UTR25388180776845,697977,13960,2513,698,0,0,680806,2026-02-05
STL00018,TXN000041,UTR25388180776845,1255627,25113,4520,1256,0,0,1224738,2026-02-05
STL00018,TXN000042,UTR25388180776845,1567355,31347,5642,1567,0,0,1528799,2026-02-05
STL00019,TXN000043,UTR88666249524985,376247,7525,1355,376,0,0,366991,2026-02-06
STL00019,TXN000044,UTR88666249524985,278973,5579,1004,279,0,0,272111,2026-02-06
STL00019,TXN000045,UTR88666249524985,1991763,39835,7170,1992,0,0,1942766,2026-02-06
STL00020,TXN000046,UTR38528536564688,805241,16105,2899,805,0,0,785432,2026-02-07
STL00020,TXN000047,UTR38528536564688,1933039,38661,6959,1933,0,0,1885486,2026-02-07
STL00020,TXN000048,UTR38528536564688,107924,2158,388,108,0,0,105270,2026-02-07
STL00021,TXN000049,UTR40346696921261,565201,11304,2035,565,0,0,551297,2026-03-12
STL00021,TXN000050,UTR40346696921261,1491489,29830,5369,1491,0,0,1454799,2026-03-12
STL00022,TXN000051,UTR72469354450457,668953,13379,2408,669,0,0,652497,2026-03-13
STL00022,TXN000052,UTR72469354450457,1960160,39203,7057,1960,0,0,1911940,2026-03-13
STL00023,TXN000053,UTR99467973865528,714560,14291,2572,715,0,0,696982,2026-03-14
STL00023,TXN000054,UTR99467973865528,372666,7453,1342,373,0,0,363498,2026-03-14
STL00024,TXN000055,UTR32650028586240,232498,4650,837,232,0,0,226779,2026-03-15
STL00025,TXN000056,UTR13767202029993,1673797,33476,6026,1674,0,0,1632621,2026-03-16
STL00025,TXN000057,UTR13767202029993,1785746,35715,6429,1786,0,0,1741816,2026-03-16
STL00026,TXN000058,UTR02690771468521,1187919,23758,4276,1188,0,0,1158697,2026-03-17
STL00026,TXN000059,UTR02690771468521,1004825,20097,3617,1005,0,0,980106,2026-03-17
STL00026,TXN000060,UTR02690771468521,336273,6725,1211,336,0,0,328001,2026-03-17
STL00027,TXN000061,UTR48715651155896,521958,10439,1879,522,0,0,509118,2026-03-18
STL00028,TXN000062,UTR61865567887052,723251,14465,2604,723,0,0,705459,2026-03-19
STL00029,TXN000063,UTR17602442483702,1066076,21322,3838,1066,0,0,1039850,2026-03-27
STL00029,TXN000064,UTR17602442483702,257635,5153,928,258,0,0,251296,2026-03-27
STL00030,TXN000063,UTR87706052580035,1066076,21322,3838,1066,0,0,1039850,2026-03-29
STL00030,TXN000065,UTR87706052580035,173965,3479,626,174,0,0,169686,2026-03-29
STL00031,TXN000066,UTR53238843748339,1041421,20828,3749,1041,0,0,1015803,2026-03-28
STL00031,TXN000067,UTR53238843748339,1255444,25109,4520,1255,0,0,1224560,2026-03-28
STL00032,TXN000066,UTR73322468915462,1041421,20828,3749,1041,0,0,1015803,2026-03-30
STL00032,TXN000068,UTR73322468915462,691893,13838,2491,692,0,0,674872,2026-03-30
STL00033,TXN000069,UTR69209149496179,1418706,28374,5107,1419,0,0,1383806,2026-03-29
STL00033,TXN000070,UTR69209149496179,276369,5527,995,276,0,0,269571,2026-03-29
STL00034,TXN000069,UTR15816403310686,1418706,28374,5107,1419,0,0,1383806,2026-03-31
STL00034,TXN000071,UTR15816403310686,1432122,28642,5156,1432,0,0,1396892,2026-03-31
STL00035,TXN000072,UTR64513349795258,743047,14861,2675,743,0,0,724768,2026-03-30
STL00035,TXN000073,UTR64513349795258,1922215,38444,6920,1922,0,0,1874929,2026-03-30
STL00036,TXN000072,UTR57733514695207,743047,14861,2675,743,0,0,724768,2026-04-01
STL00036,TXN000074,UTR57733514695207,81502,1630,293,82,0,0,79497,2026-04-01
STL00037,TXN000075,UTR34792836443455,939412,18788,3382,939,0,0,916303,2026-03-31
STL00037,TXN000076,UTR34792836443455,227296,4546,818,227,0,0,221705,2026-03-31
STL00038,TXN000075,UTR48770605339499,939412,18788,3382,939,0,0,916303,2026-04-02
STL00038,TXN000077,UTR48770605339499,429449,8589,1546,429,0,0,418885,2026-04-02
STL00039,TXN000078,UTR18902654970209,1941220,38824,6988,1941,0,0,1893467,2026-04-01
STL00039,TXN000079,UTR18902654970209,1819038,36381,6549,1819,0,0,1774289,2026-04-01
STL00040,TXN000078,UTR23355269772970,1941220,38824,6988,1941,0,0,1893467,2026-04-03
STL00040,TXN000080,UTR23355269772970,1547945,30959,5573,1548,0,0,1509865,2026-04-03
STL00041,TXN000081,UTR28613879812685,64371,1287,232,64,0,0,62788,2026-04-02
STL00041,TXN000082,UTR28613879812685,665616,13312,2396,666,0,0,649242,2026-04-02
STL00042,TXN000081,UTR59605897642950,64371,1287,232,64,0,0,62788,2026-04-04
STL00042,TXN000083,UTR59605897642950,540610,10812,1946,541,0,0,527311,2026-04-04
STL00043,TXN000084,UTR61164901379620,1234767,24695,4445,1235,0,0,1204392,2026-04-03
STL00043,TXN000085,UTR61164901379620,355189,7104,1279,355,0,0,346451,2026-04-03
STL00044,TXN000084,UTR07876114619159,1234767,24695,4445,1235,0,0,1204392,2026-04-05
STL00044,TXN000086,UTR07876114619159,60541,1211,218,61,0,0,59051,2026-04-05
